{"version":2,"hash":{"type":"Buffer","data":"pDzX8+kRmhZNC0WJ3qgRIezkPr4csU/2yP847WpCCIsbbvt4SNAzGe28YSdI5H1ISHs7OXsvgnZuFPdd4C8ZTL5+U5pLamR5FaNCuE8AaKzCXSW7WNFmuqHLaGAKqbx9tAqBHIIR4UeIQ9NvSpf5+ROTA5mQOd77fwJWJ2+t0hA="},"indexValueMap":{"ex8JURBtSHMI/Q3l/6S3Nh57k7PCQbXjy3p2ty0Wi3E=":{"valueMac":{"type":"Buffer","data":"vklOiUwYQUCDjEDSHieRKVjW6BFmMPtaVTs6/wFoqtY="}},"i9I+8bt3yaB3jY0BR/3nJe2GoAV0kT9YDP8kS0wKOYs=":{"valueMac":{"type":"Buffer","data":"d/PLwSFoW9nm/YMfiqXSPEJDx5deogpYE5XXRGU4+8A="}},"GoDxpbUDIAIxRI2UIg70pkJQKqUgoASWX2+UPRa9QEs=":{"valueMac":{"type":"Buffer","data":"wJ4xKLBlKQ6lalrDCVRT7QupSDOPBVrachmQFDwWLfo="}},"jFxFLFlVDFsrgo8SiVES+gjHo5t08/uljNtlO1m7mYQ=":{"valueMac":{"type":"Buffer","data":"EesYzluKUFv5OjfWQqOhSjXX8arZ+VDhDLtG8zzYTs0="}},"VFoefg+HPMvnxToiTeT7z/0asfnTSTUJscyksO5QxB0=":{"valueMac":{"type":"Buffer","data":"DXkDnCluCwEKKJkZOOXn01U7zK+WFUEZnDQtoDiBrrw="}},"2nMdhfrHvaYc7jQM/FmoAMD5Bxq2V9FYj4C/vxWlf1s=":{"valueMac":{"type":"Buffer","data":"Iofeqf9piQgymQXgnHXpHuK7ph5V6cpaLgmy0K4gzuU="}},"lpk09tALKM2gim5NjFTBbOZ4RE3rP/vVJgPuLNR6GMo=":{"valueMac":{"type":"Buffer","data":"DZFubDAW5kZlwKarYj0szr59kQK8ju/d27nydPR44Ik="}},"YiJDE1dQPT61gXx6rv57JDSuQLK14sLlM7EtX52BBio=":{"valueMac":{"type":"Buffer","data":"EW+D25ICM+s2Qj09gBRaUXOuSHxnbp18M+sEnn+Q+2U="}},"+1XP1KoT9OxU1dr9osj9H2+ulTa33z+52XrxrfiwNa4=":{"valueMac":{"type":"Buffer","data":"jWG/MOfaTAB7nZDfvY7fCbbE4GAMwgUH/rDAxeUDoLg="}},"2wFA8h/qX9PFnWWhWPEandFAE0RH528ZB/WEP183hOc=":{"valueMac":{"type":"Buffer","data":"OJFe6JsKS5k28PjHfYlCE1dtVzgBSTRhKAuQqhBe8lU="}},"2beEBsJcd6tcjPcLbK+hUSOEAlxm8/zBnzhaFhd+bkA=":{"valueMac":{"type":"Buffer","data":"hKcy+pHYCHCJePcK4zNucueZo+f6ip3r1ossDQayHRw="}},"doYbvpUy0/2VB85VACefLG67oBXjpEwWJGCw9CmcHGg=":{"valueMac":{"type":"Buffer","data":"EqGhlsQdtB3j6y5pwLxcCgsEp7sHgCdjqZ68nwDRH7Q="}},"t9jZaxwSjXrdSNg9wXVQI94SRs03swr/UECaNxES02k=":{"valueMac":{"type":"Buffer","data":"zb/R1E2n0Y/7g4y74fPUsdc0kooRyaPJTRjnAoAhF54="}},"pqKWeFnIMl+aChWKUYxtAphZWqOpQjwIbvHdQDjCj+4=":{"valueMac":{"type":"Buffer","data":"uiG5vCYxsJ5/xGk13ZMLrwVC2E93FEtIJZbH89Nxs0o="}},"kG9scbpa3X36cYqiNQXnAjc62s+zsjigO1v23nuEXhI=":{"valueMac":{"type":"Buffer","data":"Z+C+OzkfAMJxn2AqupBOaHeiHvepu/b8HOknYefPIa4="}},"gC1ND85X9fZbLcatcDJhMPoFQqjsXeVu54gCkchpdoA=":{"valueMac":{"type":"Buffer","data":"aiFOj813DREup/dRnctCTl/Qu+IVBz8HDDq5024hpyI="}},"wx9qLzKRUmLTNtIHd3+733odKLZ9CopDXjX9QyoI+HE=":{"valueMac":{"type":"Buffer","data":"qI1YsYVQ8coHN/dORMjymvsn1Jsd7xGjr1iNCyo4dQo="}},"k9q0MjIAqn7aFMfrAfqIWcZvrI1XQBI4ley0ZyFmrrA=":{"valueMac":{"type":"Buffer","data":"3/g1tqg3XlMRib/ks0FaahdhN/YcVpHEg+c7eqibrWI="}},"u0KakGCcwdGacyo+i4bjKcRzf4PP/Isl3OVoyGWZ6MA=":{"valueMac":{"type":"Buffer","data":"PDQT3Up5U7DI027OtgdZwgdX6hLYcI8iIGQshbCOY8g="}},"DBjEa5/4pi4ZO861ipDSaGZIhaEmFrpkKzddj4zAuuo=":{"valueMac":{"type":"Buffer","data":"uh92OTwubIoqC2DCHdLpf2kOEQ6rUR8AJNEo6LcWI/A="}},"Ubg4g0ELp8oWAYMY8GqiDLo3Qso7zu/02keSVmZlLfA=":{"valueMac":{"type":"Buffer","data":"D57QQTQG6N6WV1pCzWpmmpc3E1KKM5fXV6jFjXLkwEg="}},"EvK5oZfZWOaxeMtV1l7lR4VLAT1bfwysgWRF4XWEbj4=":{"valueMac":{"type":"Buffer","data":"38vwCy9xmCOFjzHCDvgJrduWHfUjDHBikNLdwXnArBU="}},"BZn/7sXcgAGpVs4TYrKlyyCEHco+pnPTLNVRYuFeLCA=":{"valueMac":{"type":"Buffer","data":"8c2I2w9iO5ghiM0WrfhoTYXCMBn/aAiZe8oMJThpRuQ="}},"2P6KGdkK2kTZzoqrNv2eG55RVx9VA2h5TKb7syctPpA=":{"valueMac":{"type":"Buffer","data":"fZNckbika7VmBCypKmfvGIGcCqcmTOoX4YIuA/AucP4="}},"xC1EEgCPwPRYemdurUpJIg1FjO+a+MXE9PZH2jPvQQQ=":{"valueMac":{"type":"Buffer","data":"WBze8mTaZIv4UIg0sg8dPjy1xXGwxSQwD6O9RmpV068="}},"GOaW8D9lk6XdsWpG2Suz06eFUyr9oW2eiiiolPn+DDs=":{"valueMac":{"type":"Buffer","data":"qmLL3AOyyCN7TY+r3gtFTUJNx+WEBV+EtYYoEHY/bYw="}},"BOcVu/3hJ+nPRVV8r0B3z3GqMw3dM9wr3AjjYY8yZ2g=":{"valueMac":{"type":"Buffer","data":"cJCYy2DmxSnf0hcHa53E/0rY/bZENAAE6HPI6RUNKSM="}},"JI/O++kX0UQ44PxWsGS0y+zkkYd7IklYjA77UchLvgY=":{"valueMac":{"type":"Buffer","data":"WE66uxhSzumEr1Y84KMAGATjIaPHfzGTZr9bqQYoP+M="}},"z7e3dUQ2SO+c/NTx1oYi5lNn6bU22YwvqRhFwI4xNLg=":{"valueMac":{"type":"Buffer","data":"7dBue8BmrDHBMLdCtrnq8YtX49j0owQwnaZdg87J9xI="}},"7tataJm32M7qJQgxW/2svLdzFlACWy56nHlBwc4IaH0=":{"valueMac":{"type":"Buffer","data":"jlUD8LNnBegRxBmOASOTyoOhdcxz1jH+OwI+ITo8BgQ="}}}}