{"version":1,"hash":{"type":"Buffer","data":"HwKjNl87omJy7zaHe63kMStOi7Zjkn6HUb73/38GqyQ8ASEstb+dArGLsyOOonSYula2IuZ4jms9vHMxg7IbpZ62TB4OUxpLfMsUKWdvYRUNZVy8HujiW8YCXgtUNXiOOItEyBvQvjHsd/22mePUimNfbDpH/Aler2hyGh3032E="},"indexValueMap":{"zY9qkLpWjCxRHDk7BxlffMmC9cRQYYxL7ItYOPLcWV4=":{"valueMac":{"type":"Buffer","data":"Gvj39Zb6K+R5ttl0ioL2wcan/Bsb3bcsOuTFURhTJ28="}},"ZqakvcWLEhV5uL8FUkBxMUzQDQPM+DE7qIAOC6x5pPs=":{"valueMac":{"type":"Buffer","data":"A1bHvMekU6PxOBQHzzKwBbzHUNzTz2GfgyZVaQTxocU="}},"dy+QLtNaCX/H+sz0Tg/g+0ob3RamOOOa3bHe1JD1bjo=":{"valueMac":{"type":"Buffer","data":"sNThpWx6vjYqUmP+b+1F5s5u7w+E0eyLTWzTUF/fQgE="}},"hKnWIM6t7coLArCHqr0Ru6qSP+5SOlQhPgj64Lx36rE=":{"valueMac":{"type":"Buffer","data":"IYmb7yOVM+dlaEMpDEpybtU/dCYF6sXC/2CmJWcnSQ0="}},"wCRoaLA5FW81R6K9nd7IJeJOtzPP6vZN+CbVxzFZn5A=":{"valueMac":{"type":"Buffer","data":"Oi3SqGpqAq6/IN3NbNPUGYnnKb42TwHuKgdX0jx7+cc="}},"7Dp0ZaGihqlFzX1+j753/62Mk72NnbxAEVAETcdPvKA=":{"valueMac":{"type":"Buffer","data":"jKuT9u4wHlGykwpmLBo8Hc+ie3KL58onBFsXS491lNM="}},"L7CieRJsUVw5yvsVEyyWcMxrtogrNwX1mpAiWOM6dbQ=":{"valueMac":{"type":"Buffer","data":"gCf5OfjuY+cI/YGHzVsoxno8HS6aNnj4+8ksL7GIGuM="}},"O7EV8Vm4JBgdsDteo3urGeicWLBHKTWGx3LqPqv/wAM=":{"valueMac":{"type":"Buffer","data":"yQgY62VZ/gk/N4hx3Vtowv8c3KJFR6QJMhVNUGZWijE="}},"gpM/ZbsZG+GBk+EP/TDeY7/oeLZnLf4jNeaUEqiSihE=":{"valueMac":{"type":"Buffer","data":"AMiIu7/kWKjBNObWu+94X/GP5Pt0IfEcDeHSSrcRUSY="}},"rhef5cqdCueJ7WOjk2VbWgJYE73N5+k8PoViMKPABrw=":{"valueMac":{"type":"Buffer","data":"UpsjpwbdmM1TU5jICZw4SXp04+f+jRmKOmru24GAmPQ="}},"8zV70nyys60B02Mh0Gc9Uesw8m4zxTMLqO4D8k6MLSk=":{"valueMac":{"type":"Buffer","data":"3HopHtSwiCCaHjnhZTT0ibxqxdZ3wgMpqHo4dK32lrc="}},"cHt3Cgf14XzTNY2im7dvJzn8noM3iqplPlCkedEyWj8=":{"valueMac":{"type":"Buffer","data":"yUHbjprpv4HfGsvccut7TiHqkd7MIcpqyHOREIkm3CY="}},"pVjs4bu+FB9lDnnGokW2Y02IPWPtVNmDGws4Ur0iCO0=":{"valueMac":{"type":"Buffer","data":"fymO2ljy2XnQGEsMcRIKRtrGKR/LiJDClXzgqHtxUio="}},"b4WPNKZ+4SfSOs5RKaCF0AY7BUycozDSCmN+6GEYtCE=":{"valueMac":{"type":"Buffer","data":"z3YzXVdfhVWymCrUU/FcC8R1LVlDsrZb1oM96N/hNMA="}},"catUpEnn+RBEghG7eiiZMsthmNEhjE5Mlo6SP9u6404=":{"valueMac":{"type":"Buffer","data":"XkE4d56VBH9997eqc1ijGZLLjyc+r649tqzw1nWkWdM="}},"kskfgCY3UmCdp+RNprEYyclFEES4HxGVK0B+d9Iy3Pc=":{"valueMac":{"type":"Buffer","data":"MQ4YGK4Kx50bt2F249zCxgd0Q84P0tuoOLRuUiKev5o="}},"0Xtyr82obyfcjFoo0uJDlhhKmoaXYuNTKI5zx1r62wY=":{"valueMac":{"type":"Buffer","data":"3TyA75uHrYinFchhKegigqY+CJtBrYNq/2RQFRyVGe0="}},"JRAWfA6Wl5gyy0lhRc0kDcgomERLpIHaOfnqqzjUrLM=":{"valueMac":{"type":"Buffer","data":"l7C1FFHWK1w+zgsMekq5QomusfhDzzu065ID/a5MeLY="}},"ZF7qYrVuBmEKO57dpTZcsRbptrUprSrBcPQfk31I+Ao=":{"valueMac":{"type":"Buffer","data":"zX7ga0ovkocIJOUjCZdZLkIN8lhbS2j5IwUfAGMB7xY="}},"4qNfnCG5B1qspgKCgIdSs/pIK2SqWfR+/f0wy8uQ4Yo=":{"valueMac":{"type":"Buffer","data":"MoUcNseUZ8PMvsgNa3TLfaJAT3mt41RsIP8kFEy1Gds="}},"Q4oRJ0JXh5/IWhCh0NlFuRtbBjPpi4CXkTb6ByQwSJk=":{"valueMac":{"type":"Buffer","data":"QV+NTAz1Vhyjzvuj07SX6tnHFFmBwPO/r7jJT5bcPRQ="}},"qDyr19OEikxaybDm3pN3BEdo6y0yJCQYWpbLE5MV8eQ=":{"valueMac":{"type":"Buffer","data":"g3k3Orcs8oIoCTJkx9fTTeG481JQ0f0jK337gI0/+FE="}},"Mm91VNtow+jjNIwkwiJiQcFDjtdJYHN7kdsxKlKHDTo=":{"valueMac":{"type":"Buffer","data":"MG+jin/q28P5RJQFjX3KH2UjL7pxg+Ie9HxZ9/neDpQ="}},"ytQRjAXDbEttLu9u7E3Zl8QlmYJ+o7RcTTKoko3vsoA=":{"valueMac":{"type":"Buffer","data":"iEAJYM3lAxtTPo8NUVV7celOUEMNa9t7oO6it19t2C4="}},"8f05Bb/EmdgkSePpDSdazXLTthRZOTD2qFnsBQAfGpI=":{"valueMac":{"type":"Buffer","data":"vQ1lYYD3rsqCl6pn9T5sZpg9yXCy1Rt+pL8uOY7BR78="}},"P9h2jQz7rJoeNXHU1MeyQVt9yJGXApVTP/9+yVd+sgw=":{"valueMac":{"type":"Buffer","data":"W4IdaUKZufWbwgyPS5bYG6gWaYY3tHMDoLHZw06+dOw="}},"bzPnaB7ysF8QC/5Qc7WEO45isXFie1GjqKrXzEQ/L5I=":{"valueMac":{"type":"Buffer","data":"3NPYe5U44/r9XAhX2Bdv5x5i2L5RyPGJodIROZtNdok="}},"daXUnX4Ag4MeYBLdizMdvpec8QvSh1aXfFujXti5nDs=":{"valueMac":{"type":"Buffer","data":"JdkNWnxmmI2neC18VVn61OxqZ+aJfFkGbstyDx9yXyQ="}},"j94ZsebW/3uD4NcKKaSxzC0JKO+uOR5FbMtzoVZmIPo=":{"valueMac":{"type":"Buffer","data":"B2DfxYFPjQtQqQzd4ly/qVuAfEALzxtULME6sDla9Uo="}},"pRa3I0wGeL83PE45tIFydkeQQtnj7QhVQAHOcZ2Wc6g=":{"valueMac":{"type":"Buffer","data":"DaqHP5dXwN5ZLIEv2jO9iYcqQV8ak4Cff0epNDCcUKk="}},"RyRJnqYETtqGVkiullE1yW+yHaEkGtMnefG/ClXUwXA=":{"valueMac":{"type":"Buffer","data":"xP4qIbxWVgdGFzC/rwzprHfzuMSoWrUkK2uA8qjtf30="}},"Ky43AQaZQjZX8RrX+3xf6kIgMKyNc/liWDWDwPaYhPE=":{"valueMac":{"type":"Buffer","data":"tC/muFk1A8RBk16czPtfmXT18+xRYADcPHPVWE6jD/8="}},"FKasRCBuNTCTQJJ3TqxSruiRt4g0msGNyILKjrIPZtc=":{"valueMac":{"type":"Buffer","data":"6swzu+sVjtpDS/V96v/FVPBeguo6ii9+etV2Z856Lik="}},"93jJCFmlzVlZ1Di8pU0ySmUD2rOntExSJSNGZD6q6XA=":{"valueMac":{"type":"Buffer","data":"kXwy8Bgt/Hd7mUdAvhdkJPOUMQU1Je5isEuo1xWwNpY="}},"ts/Z9tZcBA3PFd08BFrA0GKWq/OVcLanHCwCUb2BPG8=":{"valueMac":{"type":"Buffer","data":"rHU6R2oEnXrDgezkOzq4m5qZ4G2PjHMzeaopBeJu6rU="}},"ZosQzgVlO+C6Xi1farq0KGXNULrpbYxZT7oFpJFpzzc=":{"valueMac":{"type":"Buffer","data":"zQq9bf0+KuqoZPy5b6e8OpyHkUg9U1PaxV+BdcbkHGg="}},"p1QOl36M/aJk0qfGNaJWOKHSGgwvkrL79K59I70GbjM=":{"valueMac":{"type":"Buffer","data":"KYnMYV9+7ID190SRZ30k+3rGCH4+QhIMtAC11BKLHg8="}},"LOiexx+MO4zPVl5loRnPSFFJhQwCwURYuocAUKDcmJk=":{"valueMac":{"type":"Buffer","data":"cN3yIcjtNErfKVBpJwZN5nCNNLIkSb1bCbUykqhU7y0="}},"tCpDBlKIkNlM/2w7j1q7v2aFC7KU6c6mWk5QP5RBA/U=":{"valueMac":{"type":"Buffer","data":"zKWhkmOg0nFEcENcrVh7pgqjIXa6AHzlgv+S7JJAiuA="}},"VnU0U401feJNJk1dUy0E37uO7WwF2cy/MwsUWxScJKM=":{"valueMac":{"type":"Buffer","data":"5qOa/m5WGvi+l5pIxfKdOO/OWBs6o+gOUlUDsV8r+QU="}},"bwyRqXvhz61EBKBuZlH8Zuat9dW0WZm2O7PIrCdRDqQ=":{"valueMac":{"type":"Buffer","data":"rLYG/i7GXBqUQ0c0CNoi0Pgp1XLbWqeT3a1ZtpunCu8="}},"ornGH5JMBqQJMY92iBvDlxpMlFs6aG0qUy4YPIJ7UbM=":{"valueMac":{"type":"Buffer","data":"xzW1GuuyP3BW/N3iURblXLnAIVnnW4k1xgMAbKXX7B8="}},"8eFl7PYGehdH+tFEL5XainZOUEfFlqzfsVokb0eVfj4=":{"valueMac":{"type":"Buffer","data":"FA/3u6XBBTYvtiWQfCabgne4gB8FdD3V0oJupc+gVFQ="}},"BY7G3i4Nk+NMRxFGCUc24bOc5N1vUKuke31knM+l+X0=":{"valueMac":{"type":"Buffer","data":"AKTijdW8v6Sm6aLbObDTGaQxFDxv3yYijHRPRxVjnGs="}},"AwLBtAjHjyr0TQLsJmpECfcnUKgz5P6SE54d1BH8tQ8=":{"valueMac":{"type":"Buffer","data":"fqcIsc6OqJQohBlCxEUDmw0pYPEthZG57qTLr1HoLUk="}},"ZlPjO8TLJPN9l26g2+PxTIfvzv49Yl9rI3IUkdMFB74=":{"valueMac":{"type":"Buffer","data":"8SwoTsatD8QLoOl4tLKFLoQHIxgh+ayDM3xgdNp1SIA="}},"jEVP6yuJSDNdmwnWYaLg7hN40z/hIOofTuiYz6Iv+wM=":{"valueMac":{"type":"Buffer","data":"+XSv46f4InFJ8Uw4/TwNkHeEuYGI82GxiUxwm78luQ8="}},"8+9QK2xAgp4/wnqvIjs3+daxLsobkEFl2nbHGz0DMOM=":{"valueMac":{"type":"Buffer","data":"MlaHS2Q++URbTz/e+z5QQrDxRAZtAdlbMRDbZ1ZmPsE="}},"6tkzfUANDzp+PXoe28U6ykY3/5lCIzF6E+etOA2NicU=":{"valueMac":{"type":"Buffer","data":"2o+H+tnl1SBkrW8c2UOm2/8kDo4XjnRsTuUDYlL047U="}},"ttmoIkKPusLRgsAP0CK2xwNJ0sJ82dP8eqFJ6ACl2hY=":{"valueMac":{"type":"Buffer","data":"D1pbMignwBCirHNMjI2FY7LbQUNKaZyRd0wcdJKaOME="}},"bNQLw9gHySQ/B7YEEJBnnmSRWsgdI0BYsuhxY3VD9wQ=":{"valueMac":{"type":"Buffer","data":"cSXnGRkiGG8+Pf+8UzoVKHYN3eRY10YlYILz0IiWfi0="}},"OU5i2rwR2lycxcoeYfpWig09621bQrft1U/0SOrfbEU=":{"valueMac":{"type":"Buffer","data":"G2S/nGbnRNa69kuDxAeHbAsiX0/XEZpa9cJIFA9+Piw="}},"5hx8Qh5k61YW3fsLIlTx/fhd3i0E8jbg1A1XohWS5js=":{"valueMac":{"type":"Buffer","data":"2YwkC3gYgvCmsCSjK26JogSmnCV5MaPev+BZeHUFpVI="}},"UTZbny/kLmkItS4rOPfcFprAZKtisccObuYbQOQuYIk=":{"valueMac":{"type":"Buffer","data":"HqquM8/LrOW2lBcpFtPzTsXGF+eutuRv4RfdqNZwKd4="}},"RTFLAUP7BDzfraJG/OVvao1VpukXX9z0j0vxhTb2HhA=":{"valueMac":{"type":"Buffer","data":"3xTKD9Y9/iW+KmO3j5MsuoJyswo0yMMTd1fYMbzdCfY="}},"YRf8CgUCmXIXJErftvgdtPMgHfzS84QKfHb9SLo4tcg=":{"valueMac":{"type":"Buffer","data":"xL83E2jBF7Dmu9Uy/3DbpWFHczgkJKONRs+UGysmxvo="}},"NrbiaMVkRp5zU/ef5CIk2dJSfGuFLyplbL6jZ9tN0Gw=":{"valueMac":{"type":"Buffer","data":"7li01oqRC3MR8qDRfVRL4aHbPGj2klQROutLkAzpcgw="}},"Zf+ZQC43LTWzZjHjlwIwwsC4VulSKwk79Bv2odg38YY=":{"valueMac":{"type":"Buffer","data":"3QHNrGfcUo+uJh/JoUSm5/TjGhMXoczunV9P2Z4Q3fg="}},"XXVHm9LvTKDKclyNus0Vd4iiJE4qD6IoGiiOIS8iFdk=":{"valueMac":{"type":"Buffer","data":"lXaWfnGOw43Xi/X3SYVOQ4sOih/pBZkuZ+5BqesbfQY="}},"rUokF5fBJ3PQe584vjmkz1LNCgQEUSpJBoj2pTE4iXY=":{"valueMac":{"type":"Buffer","data":"FLX0v5sYdTMm/cbO4hl6Wr9r7slfn6WuOf2/d0dWJ7w="}},"ckTVXuG4PHEPlvWYLyRPqBeG+znVD9zeO/LUxrKOcss=":{"valueMac":{"type":"Buffer","data":"aKZeneIn2VDfcW19uIo+66eFioyWwOpZsU3uBEoa/sI="}},"dUBO6VzScL29olmegBK2CqxFndvBpIO4yliSGXL+1G4=":{"valueMac":{"type":"Buffer","data":"o5jW+Fy9OQAfku2XA8Pk8b1Pnve5rYbp1gDjByk3LqU="}},"V04IzEcAplys42TySLnbQV1G7p22/lmam891kIy80Kc=":{"valueMac":{"type":"Buffer","data":"oPoRMBBE5XkYY0zp9slw6KmLOGxFKSKhd21uQxo9ihk="}},"IH+sHnhF90+WQj9e+ZwLLz0IXyx/ZCigl80lG77xRrc=":{"valueMac":{"type":"Buffer","data":"y6XFfn5NHnuqIpWtYt6Emi1nCp7j/u8wsSMM1vetWA0="}},"b+ivPzOII+MC9wE8Y40VtxFgTn7uD0MmQk+guRI06lc=":{"valueMac":{"type":"Buffer","data":"9hF/EOIt00IrmUr1ojtinSn/bu5MMA8GkDFatMVIx3I="}},"bPE2TuqhObfq7wQlRV4IMSWax8nFs7MpOSKiNRfANnw=":{"valueMac":{"type":"Buffer","data":"utz2LrnPl4s1K4m+85IiJ3ExLrgzkxqqL2fuoL6rI0U="}},"QpYG52X0r/pfZd9BkQ1cHbLy/mjggJgEvx7lBxBrAXk=":{"valueMac":{"type":"Buffer","data":"yHOA+aM+rUI511OdkrbSZC8m29AUMTGdgq+hiGcZryI="}},"xxKXoFRnYQo0EKnPcBzHRiR5F30yMTz8zanDuO/5UAs=":{"valueMac":{"type":"Buffer","data":"HuVxtChcoo/Siza+lJmRyCYUZJWJaoIXnn9+HKz8M/c="}},"yhxUdBXP1H2UlgTMve0PY+/asYXoruVhTSxCMiDqrK4=":{"valueMac":{"type":"Buffer","data":"/0S6xmrG8waJH28W+jFw6bJw7R6WONPdOXiqgZbZb4A="}},"BCd/jJxamQi88AbJeebP3Fv34BTaTskGVmnNJu6HC6U=":{"valueMac":{"type":"Buffer","data":"ELgBt5skqnQ5CK8Q2LfScPkFwLnEAmGfInT+AQYDVOM="}},"XfEcnniWPJA1rn7XnQOoGrxQIBmRzKSt3+gekoHV2kg=":{"valueMac":{"type":"Buffer","data":"q0Gb2H82yBPiieRBF1d/NCARNoUNEGK9m31uZJXowBs="}},"o/envILibL7KhJhiJ2bcEL7p9a6uTl34W0nmxNfg4DY=":{"valueMac":{"type":"Buffer","data":"+teZ8MyQkMdMZSe9YO/NjFLxm5dhVpuSPo68xURAUUg="}},"PEbsQhkXIRED2Wjx0NfmXdGfBHl00oZ+ycRdr1zPIqw=":{"valueMac":{"type":"Buffer","data":"dO3n4aayolA4OcvBfcMGbl/BExFK8PEjHtinDuJjjYQ="}},"aVoxPOXyBBX90XUEgl0GddZfoIkIf2smgLGz9Kr/7aQ=":{"valueMac":{"type":"Buffer","data":"BioZJPsxPuFiJ0KWO5S0tYHNH0rNZpWosBCmy0AVCn0="}},"cROVfDIud8anMUDsgekxIOwPuBz3veJ9a1T5GmUbo1E=":{"valueMac":{"type":"Buffer","data":"+QA/9BBibD9ybn4qVR+ZItAoounKHSNL85IDYCH81lo="}},"BZeVrCHhkYKgaBhYuRasMTN1dQJGJS2gnvYmlwBq39M=":{"valueMac":{"type":"Buffer","data":"ODnR0QbXeGr5/9VdlW6KITQT8CotPY9XRy/FCbDbhOI="}},"gyDzyoh3qajX/aWl28deQHuifM1hvQlTTsHNkCkGZKg=":{"valueMac":{"type":"Buffer","data":"2g+hKMm6NCWlNznIrGbUcgvf3ymozjas2blHu2qcRLw="}},"dMkl6hnUBtwnKgSR6YEmovW9l/qyqiHq8r1uXwhS5vk=":{"valueMac":{"type":"Buffer","data":"DghEECJn1GtK8EqRj5othchDM0yfzPEN2CYYqXglYLc="}},"bfICL1seOObTxvCquhHv+udShT+mupe7zN3IhUhl/ik=":{"valueMac":{"type":"Buffer","data":"IRDRwFdkcHeOXX282r2RnHiG+a66n+IB2cPGiFzpIAE="}},"1tqa7Q7x1WH9P+h2Exx45YAQdJO+oSoMXMXdAwO7JjM=":{"valueMac":{"type":"Buffer","data":"ho9HLRplRT0G9OpmAKklv6n5sD3GyLIBMNi6w7+R5/g="}},"2LXdVz1ShiK7KU2A1WmDYPb4hE0uc9bjnEl4GXJr10M=":{"valueMac":{"type":"Buffer","data":"Bly8MQ9FDCP3uiKFVYetZ/73vej/LPjN1aRqIyXW8hI="}},"h/NOw5JhghEndxPY36b+ibIOzLpJEtiRJaM3YLQnOO8=":{"valueMac":{"type":"Buffer","data":"mONhBuZmC3NegyDmnnns89ZLcoy/1JXKPvro+M6qnzw="}},"GDa2UTSDq6qBXChw1ahoUntNo0ZD8G9mv50Seb7QL10=":{"valueMac":{"type":"Buffer","data":"ga9KZa1fqC/xKKV5SF2/ZAbSEnTAD/gGTy/GhH69Rfk="}},"jc2DU31zqb60FgO2LocZhoE4g14RQXKWtdj70pwK44Y=":{"valueMac":{"type":"Buffer","data":"6OcWHBjn425bpGpbgCs7gfBEDgL0QxZMOqoJ+UHdqLE="}},"2ke1qJxfWybbDixiN8lPcdhhDHP1So7Vlc96WswE2Is=":{"valueMac":{"type":"Buffer","data":"xoeSs0Wl9s+oaiPXDTJG1oEmEwkrMYMzTX1m6asz3o0="}},"gjpD7JHUBmGMr8wlbf3mJZejgi2EWr8SWDJTMPjT+Q0=":{"valueMac":{"type":"Buffer","data":"00kISyJyWAYsrz1EaLV1q+Gk+sVNvQXd8weRaBh0k6M="}},"U750Z77k60JbFiOUhgkjrnkvr6UtPjq4SHe5qjBvwBc=":{"valueMac":{"type":"Buffer","data":"/Yixxecce3M7jDJ3t7i+5IPNUrl2HyGs4k1vY9+/dOI="}},"wXSBZqjmnbKX5C4u5Y7b751tFYJVz8RBwx6PyEIOtO0=":{"valueMac":{"type":"Buffer","data":"IMMgf832tp0QBRVp39BtHiWmNZJMDKtKxj5B95ZYcJY="}},"figwYrhO4RrcdkvHTOxVJg9T3sN9ipVjCsn6JskAR10=":{"valueMac":{"type":"Buffer","data":"avJshS7bj0m6fdlHxEvEb0YOLdvRL6bxLqCBAqZfutQ="}},"lMRcZvEozhClDQ6U1h7tBt6bF3SALnbvdvVbcL1lKTA=":{"valueMac":{"type":"Buffer","data":"tzkRbSjIHUi8hnPosrJwlDpu0zcqo2VgMn80bssz+R0="}},"SMeoOnCoRWZmWH8mDFjqgFFeZBTx4XKgUAxxQWb5JLA=":{"valueMac":{"type":"Buffer","data":"zKe/x4nL8XE2u99KlpM8X2Tta2C5sttsLfuARDhBxCY="}},"lh/p0OoEfZs2lEdx586AvYkoMAgUZvu379cKC3yuxQ0=":{"valueMac":{"type":"Buffer","data":"WkSu4MLPQMptUleZhmo6ZfCnH17uuRS1ItD3lWOAhxQ="}},"LOx45V0MGS+kDy/WKxe/fAnH3wONcMbsuaLzGD8KoDk=":{"valueMac":{"type":"Buffer","data":"EwVQ4y73f8d4yVTb50eiBbOX2A46q52vqYU+QPMyy8U="}},"KVNNb6L5Tj2ujp6wu30dyE8NBCgLgBvV9FJYNEodMko=":{"valueMac":{"type":"Buffer","data":"dFA92gQ3mjAB8qhHfK8Co5XXgbx/ez/bOnFW9FCz7go="}},"a23RR6x5Cfjc3oKH4atYYVzP0LRuQPNgGKqiWTQAqiE=":{"valueMac":{"type":"Buffer","data":"9KyU494GJRCAjIZN9gB8x+JOFvKUm5onB0arSgNSrEg="}},"Sx+0uCxTkSlg6aQy8VF0L9O+G8NzLDYoA58lW1ngHK4=":{"valueMac":{"type":"Buffer","data":"ZdX6eaPdN9Q51eUWlsyzbusOZvloXdro836ENr1FmAs="}},"NoIdyvrUYdBSYWpytcD8WoCP3dd1RtVWEDqdPxOPgSs=":{"valueMac":{"type":"Buffer","data":"PfzlMra7hDZDFodW/2ntJBptFYEJpghK3+p5dKFywA8="}},"gE3szTbKP/Pj5D2oopTwmfR1+dWjzoYaXVVkSZSb0kg=":{"valueMac":{"type":"Buffer","data":"OwJfVbAuow/JRhVPDrwnJH4CIvXp1QxKytSPnPGjD5I="}},"3UFOepkv4AxXxV3Cw9bWCi5fIiHxoB65piKyRh66vNk=":{"valueMac":{"type":"Buffer","data":"tioog1XV4DX9wlJPW1PQ7woFlgEayCL2Z3c+oJ618z0="}},"GY0brN+fNtE68dLFr5cDliiMnLl6FiPAL/8xqCy/KlA=":{"valueMac":{"type":"Buffer","data":"96nQsIzuwwfo6etnKjGDHrToo+OeVWHpYHCsgmkdCpM="}},"iurNEmNMaWluHhtgrwtapQLueLljj+wf7e8RrGCql8Q=":{"valueMac":{"type":"Buffer","data":"vl8Vg61KxvmX2sUxaZHIGLvMsiQME/n2x2+cM73CuP8="}},"kd0xtJJgyDXgGyQH5GnCl9oYcKxx7jzRQXDmCGgyW9Y=":{"valueMac":{"type":"Buffer","data":"aXI5Lsnkj1RoJs/ObbkKw76gTx6gMMhAf8JbD5FMJJo="}},"yY0oxyVlMq6Mf2mv0foxM/prKjlz0vY2My1CuVbMR3o=":{"valueMac":{"type":"Buffer","data":"u66sUgh1nTANjXskZsVAGA2elrC9Q1AqmTZ+zmqZSD8="}},"S7GxkW5zvGB0W4Vx1eGcIruUC7PA1yA0bPQEpR1dZQU=":{"valueMac":{"type":"Buffer","data":"cluftsLgmtQip37HlgbJsP3kJD/gyrtEkeWIoFmZMwM="}},"4ftF6A9FWhkTU5MSQCksYT63JypH6UCQ/IN6GF/lBag=":{"valueMac":{"type":"Buffer","data":"zmlROs0FneIz2GS6f5rEN3VcMBeSM7ADYM29wqtRugU="}},"IU76+dwlVQptSR6TvyKk4/AcDfrdlO4umG7TD/7P+rg=":{"valueMac":{"type":"Buffer","data":"mqNdolnm3E2vOKOxie5p3NauN3OxXxVshx2PLV+43hg="}},"a6fHP8aV8PEw790euqHZZw0HqxzLvkbEnv5P8GseIP8=":{"valueMac":{"type":"Buffer","data":"xY0yF0rRsRaIVHw2M3Xkfv+Ulv6c9B7Z4KYZmm06DOE="}},"/gFCkfrgoe+qd8QUF9WopDX65NypHzUG/K2/1odkF1k=":{"valueMac":{"type":"Buffer","data":"STsNGCTknwkcBhU4uaQIUUX+/eDWqFOhlbbY+v615Co="}},"M1CcPXz0fEfW4kiJgZWdh0pf+Db99zgfLVgBVcux9IQ=":{"valueMac":{"type":"Buffer","data":"Mtgp9fpq9k5J4xaw1JWMWaAXSHuWtWM48phDGNKqzWc="}},"P1jFNQJlo9Qy9CchwVvXJ7WYEANXgVicibgWj4V+Ez4=":{"valueMac":{"type":"Buffer","data":"9r+S80F/clo7JOGNrlksmW3KW3/ncZ+jptiN7Q8VteI="}},"GgKlXPTSno9iOH33HmrzMit8wlF4zc2tzAobprPMksE=":{"valueMac":{"type":"Buffer","data":"DjKCG4gp+TGzc8pHVs06IiP1xRi0JlCxxMZoi/ym6tw="}},"ekeL/PJCVBJw8UB803ieo+Mb/8bGUtgctIBLfiSwMFs=":{"valueMac":{"type":"Buffer","data":"ogKpz+vDphvjDjTIp+QJ0C14C2U6hB+MaXKr1HebKHw="}},"ME+izlNTjeq1DUxJy5ednPINEmV2MQSs4fDpEqczbm8=":{"valueMac":{"type":"Buffer","data":"7H4YON64Gue8kyvJ5jTJ6usFwMNOLJy8w75AnyxBBZQ="}},"6YwRULdcBHXzoav/JF0xEnO42DoX5pSImDSc64Wxhow=":{"valueMac":{"type":"Buffer","data":"sZbAU1eQn7nHZ19MDwH2FFGfCp39WgdviqrT/9v6/Ag="}},"RzjHK/TPGKEZopqKn/lzJoIYz8XAFCqhZ3+WRgSKHgk=":{"valueMac":{"type":"Buffer","data":"uABuKYILVPsfhxojnnbsvpCoOatRhLiZ1fvSr0u7Xto="}},"fjBHSgilHlMPyGNhaVaklIK/DfwzSGLhVGaigwGpT3o=":{"valueMac":{"type":"Buffer","data":"+Edb/yBWDJUc7A55MMizxgRDRecoTsvNIAVZedA9Pz8="}},"Z/eXJKfz2SgYXrPNLhINJjccQ6gU4Zc1aVQn5lnV8Aw=":{"valueMac":{"type":"Buffer","data":"UoyW6Q6Ep75ZMmLmKAB2PIkASA43FjAvynoYhZajQ9s="}},"Zk0Kk0HEn5/fE3N1FB4mE6T/GLwbHNQ7ISPs7q/BT5I=":{"valueMac":{"type":"Buffer","data":"3r0RW7QSY/6lsMbpdmLzdVZwsA0s4m97h7dYsCfh4n0="}},"0YK15zIngdfw6JzRfV8oU4egaJa/ozxu0t6/wNDMsyc=":{"valueMac":{"type":"Buffer","data":"f+0gzMZaBo1jW3hQoL9SKXObOF0AQv7Nsw7qnj596T4="}},"tHVYnhYbubPu1YNxF+5EgzpXTOxoc281PLaWZPnSaTs=":{"valueMac":{"type":"Buffer","data":"lavxSjtoVBdpw6kibmt/pyACrVr+cJvdjjfpMJ+ozVg="}},"lNnL99al0M63mBSP5XrVlJDlKohAbF1TPUceaD83UQo=":{"valueMac":{"type":"Buffer","data":"dayiBO0EEIAmCKWxCUN63YNFIJwkOZADYY1ssfOmC5o="}},"f0xJPyxrfDSi9Lxs0W11qdpFikQ+Avy+Zg287icaD58=":{"valueMac":{"type":"Buffer","data":"Nan7KBrLt3Zc8cOqsHfoC/M4dUUdDvB9ZJhXAO1q/Tw="}},"yhJEwGbZD/OjhGjyztj6T9okQPEt+15jxWTyY471JGA=":{"valueMac":{"type":"Buffer","data":"4JUnJnQGZKIFMRw0yoAH3S9h9/biAa9ZRle73ubgCUs="}},"EXt83YntcKmMaACnmhN04IfQRfH46WkYHtlxNhCwldw=":{"valueMac":{"type":"Buffer","data":"+fYykm/96W9WrJWtKjxj7W+1GYpZk7yteOn1l7bmz5I="}},"5ksCp0AS9rL75SihIZXjIpJ318/IhzPvRL/iHy+F3dY=":{"valueMac":{"type":"Buffer","data":"Cdn+8YLktwUeMSihTR2YpJGXENUhq4GqhkqFu9UBjjs="}},"wkSChm5jP3SO2dR5+E+Ovu67CkqSR35qNugoj7EO1GE=":{"valueMac":{"type":"Buffer","data":"rsVA4w0IrLlC0kr86Xo/JOnJB2sNqec2RNmGm1j4vYs="}},"t7Hb/SujG4Q9udV1c0DwvQVPGbWoWI36dpHwHqkdAC8=":{"valueMac":{"type":"Buffer","data":"g1btQ86FNFd8GwS8T0JYWx176fiqgbfMxKrzjXdLURw="}},"jhl59X2jN74i64IruI8rFVIzL/J0M7E8opwp5uRlLEA=":{"valueMac":{"type":"Buffer","data":"mnP0WyD1s8YWrvKxBbd6+emDleHtIhQthp1FpmEWfSI="}},"j0YHjd3rCCyJ5cVi2+yOOik0Zt2gQdBUl2DMRHDqfhM=":{"valueMac":{"type":"Buffer","data":"8rXYot+sHpuPA9BFux1Q23SJEJS+Tx+OOjtrn6plK2A="}},"6SkViiFYInEHPu0W2mkKIGc8i0P0ysZijjtxj7ob+Sk=":{"valueMac":{"type":"Buffer","data":"7Y2GR/h8IxSBxt+JUGi81hRVHrTrBWmH3rbdRx9h43M="}},"XRtJSlaKcEz2a/hAhwMmQ7JSux/LljXsxre72Sitb5E=":{"valueMac":{"type":"Buffer","data":"NqMz4I/VBYKC4tfPlDtXMnhMNmiZbaYEl2w2+6Wmq68="}},"H9WBJ4kpzikCwhAWzYHk5JxaU5BQRsw2cr+UzuIkhZY=":{"valueMac":{"type":"Buffer","data":"uESIyoJFr2iVs3P0XVnHsaJOjGJSVKeHly8z/xfPGF0="}},"R0Rnl1kMvw9ahigbKkZ1MM+PqJ3HgM3oe8QDYHzvKh8=":{"valueMac":{"type":"Buffer","data":"iX7afXxgfWDYhhJnfBRXauBlNd+lGtfGBNUxQN/wxjA="}},"w2tO2UPxmerhTMLRYsXtjlJ6COAkgbgOJ2jZpWUhbBo=":{"valueMac":{"type":"Buffer","data":"WreXrH9VVIUfaKtTkPQkQOOYPDgANQQaPd7tWsB3HxA="}},"tM6r5EIly82Q+3EKAQvXxDAvNEXoHhnNTWWXdIDj5wM=":{"valueMac":{"type":"Buffer","data":"9LcLG2xRBxMn3xhJp0z2bLQOVv4Y/o5zk1W8rieeJYM="}},"bIeKIUIhptiMd/eoanSJ4EOPXv4yXJUr0Ac1en05rAQ=":{"valueMac":{"type":"Buffer","data":"FLklkAxlSds1j5RGS1e+vf+5G7//MBm/99q9NCoyCss="}},"FBrPfSfi1B4+ioytRzw4FBUohGXJB9Q/kVfpiHl37Pc=":{"valueMac":{"type":"Buffer","data":"nz3DiGuY5PQLWAidp9eW3ZeiCjx1Wczw1DcPaUCD/Kc="}},"c/TazAQYJq5FukhEUq5P+07Rmgw7FwYO9fBIi6QQHpM=":{"valueMac":{"type":"Buffer","data":"zOfdmLqo8fwvhes4nWtV7VpG3d5WVAEwqZDW8BCqNqI="}},"WcsBuBujMgqqNm6QHvBWiUSzMLGeCiNcp/W4NI8f/q8=":{"valueMac":{"type":"Buffer","data":"GvcSLWrNc5ZjQxakFwcBV1q6g8rObDqRpY0z+XGp9JA="}},"2BC0h/e5atVSDVc5SkIbCklJvDALCxwH5SdJ93fEW+I=":{"valueMac":{"type":"Buffer","data":"TfCE9zxqDUmKbUUA/9KHf7pM7tKFcQLJVwBpe/4QIGE="}},"da+qYywSGneBcGTsmfg0Guof4ZxVGha/B9jFji0q2Xo=":{"valueMac":{"type":"Buffer","data":"rSsjX8Vknt98VgfVftbSFhGpQC/uKfA5ARfDs2SgMUM="}},"hubky3bhiiOSnXMMj+Qp++G+vM3OCqC1FBm/1kDR0qI=":{"valueMac":{"type":"Buffer","data":"K8SMQwct4W6dQSQnP4sQnIaOdJE+C6QxAtxLDHKOZcY="}},"9Ii3fqKEF/NwsARJiuEP2+xbfzWkCEyO5qXBH7pfjdE=":{"valueMac":{"type":"Buffer","data":"JNo4Hz6UWBslAZxdw8U1JahN3cJmLtfnUc4BIFIvRKk="}},"C3Vcuiff987eEgnLl1O9YB1L12f8H06l5fio9l+oghQ=":{"valueMac":{"type":"Buffer","data":"h0vmLKjGYOOognCnY/Byykt2SDwwZmr19drxn6e4tYo="}},"yhfGzmuvXHfRPZIwOkwFN9Zt9VBbrq4IWkbHOJI6WsA=":{"valueMac":{"type":"Buffer","data":"0fiBUIzVXeDKY7fH/MQaccRJ+FeXMy6fN1smOSyMdYk="}},"1ZW0wBNGgn5wqVF2t1MGp5Ao6vqH6V57AxFskrzuxnQ=":{"valueMac":{"type":"Buffer","data":"avUXlXH2PNd9qm/CAbms8G/h6GJCK/M/Sh2sBZQdl+w="}},"hHLqboCXxv3mnD+07i12fc8ClnOUilej2ftUHttVl8g=":{"valueMac":{"type":"Buffer","data":"kilDOc9ihh7C+6+sIKCuDMozyPhZfnUFFhdYJqatpgI="}},"G9AN4txRsea1UxzOjQiORq1OIeYhdVwQGJ78CZnjrwU=":{"valueMac":{"type":"Buffer","data":"L222X6jMPOEYSgqOoIr2bso2pkPRHIvB4zlVERL7cuU="}},"8o48mwJJU07+n+1q0NXOlGqcsVj45Q3VCQftwBKD6WQ=":{"valueMac":{"type":"Buffer","data":"5F6DWhiNeZgx2oX2LvBiP3Oz0GOl3bDjRWTxy7Bgbu8="}},"nc3Ekw+kkGXIUO6VFiR1tGiyYcLS++CQngXqq7YsepI=":{"valueMac":{"type":"Buffer","data":"4eeokDy4EH7uFMrW/jpgEvmVXBW7DBPn8+R/CKBWq9I="}},"JHid0mDY6UNOyGixzqMWrwn7TRdEjpsgKZpOwq/RiEI=":{"valueMac":{"type":"Buffer","data":"yzcjWznqw7QhMxDL8gLIoq+K4GSKnF2MqzmC8vYIemI="}},"b1DliDpV+1Cfxhs47c7sOXqpWtoK05LZEA0gJlC3l6I=":{"valueMac":{"type":"Buffer","data":"S2nCTokfl8WhL4wsWl4CF8skXgwFpJEQgzPR9bhOK2k="}},"VDWgNz59mKVg7t6C37f0LPtWjaDV05oldxPVR//oX6M=":{"valueMac":{"type":"Buffer","data":"4f7h856lSuKCyBv6VKkE3cVF6WZxiX+Y82tC70OyvKo="}},"d/P1lNJ0+LGMrV6eebSFBGa4/Ru+WhVuylqSMg9bc2Q=":{"valueMac":{"type":"Buffer","data":"UQa6NWrFtcDWIUOay48o7o6ZOJZRxKfEHPEFoaEzByg="}},"NLAqXphB3E7tnNscqm1Ju8D6FHMSfWTQvtqM+YAraOU=":{"valueMac":{"type":"Buffer","data":"IM6JY0gS7HOJfae4xVw227Gjxn8CnkzsPdG6JfAlsIk="}},"CJ99shtXMeSe33soD5GfzUirF0hPt8rT3aGY/4al6Ho=":{"valueMac":{"type":"Buffer","data":"iAtO2w4pE0s8ehGpbDX3VzVzLYhz6DBCa8TgWQkNCjU="}},"5i2XJAMiRek9on9ur/57T4yzAfe5qWpYcm/a8d6pc1o=":{"valueMac":{"type":"Buffer","data":"OJjcYdt0JjInWQ2a+FlXvEsVeIAyrdODGnfonwOUl8k="}},"G7D8zruxsu/1VNMSy1xGl6QJbahHZ/rXjFcG5K4X2xA=":{"valueMac":{"type":"Buffer","data":"yksBI3xcn3V+1vJj2fCKD/TQdoPpO0US9X2iXX8EaNY="}},"aUDX56TloatLn7oSegmbjo7G6cjfhcLc/9PozMityis=":{"valueMac":{"type":"Buffer","data":"gHENcePjGkCbzb5SiA2hlTDJr0W2DzcUqhwPJY/Az3Y="}},"aRaSinZT/lQpjk242MmNVtsQUS3BDxu1V7yrv+egiug=":{"valueMac":{"type":"Buffer","data":"aI7Ydpl4p8ioJKZwXYfGWfgD+aEw9lxZu/c5hLwlDuU="}},"lCpP0FHDXkd2WiAU/UuyiHlalF+88S02/zYSxV028JQ=":{"valueMac":{"type":"Buffer","data":"5G6ZNI8QWqIlb7C7clqNpmq3Z2/44cUq+Cy328hkwK4="}},"OrngXlMdrkh/JaVe+CvsE/cN5gaFx39pcyJ6huJRKUo=":{"valueMac":{"type":"Buffer","data":"x5XriUFc4TFDuQV/S7IAhzX4g2EYwBiQ7KrkR4jHfew="}},"j72D/vzLMuSu0msAqjz0LVbFxrfBfKkdqWrSPOoKO3o=":{"valueMac":{"type":"Buffer","data":"aSyqjTLrZWLGCH3eSRhAUUftWfe5PplOZ4rp6hW4iTM="}},"YdSGv+oJw2vM2o0ZlAS6m1TdhmYpLyahI2xRv9JtMtw=":{"valueMac":{"type":"Buffer","data":"iESqN9kfTLorZMlu0d3C4BaUczNV/aBV9jxQpT6c/jg="}},"J0YabXDEq1og+rzYXH8zdnvOqvcBwZ+C58cGrxarlyo=":{"valueMac":{"type":"Buffer","data":"Du0oHyvMUIDW/7c86MGZLnhHYDAltWJe95in5LdX7VQ="}},"MPnsgiXTnN55SOjrcW9oVYqXvfrkrNcjVskkRacHQks=":{"valueMac":{"type":"Buffer","data":"7hvMh5hogu2r4MxJK+OyExpJJCGZGiFAJsdusZiSBHk="}},"BbEL3uiTdpzOwC4GHnZmoiEmdWhmY9sHcp4bauxZpnE=":{"valueMac":{"type":"Buffer","data":"oEFUH5casNYDz+0/idXxIOu7g5odBiQFr7JoixYLcOA="}},"l4QqnvAaOhsa1w8g+VnfoydDadkBQywR+EfWLk0ry44=":{"valueMac":{"type":"Buffer","data":"jCPp6oiKUX6Jyhb/2aAggs/L63tebUNA9RECch+IjVQ="}},"MqlzL/07KddlFPAqfBrGKJwKSRgVX6arxx2p0RFqzqE=":{"valueMac":{"type":"Buffer","data":"cfui1sZRZry76oPJt9Yt2uIm9f4hjTXDQ4BxqYHEFwM="}},"thaeS1frnA6C5kiHhMPjsj/U2nZ71ys+hyz+SnaiaeA=":{"valueMac":{"type":"Buffer","data":"FqnxovHJWRRoaUkHn79WtTCf/ga3WSawjxfExTbTi3g="}},"HnNzyYAmG4pbqn40AQrGxN3bdMX3Xp3Upjg/bHoxA+E=":{"valueMac":{"type":"Buffer","data":"Ui/0Q6CV8UOeC35Ry3BPlD/9TvFDuBuNmgRXzRr+PQk="}},"vaiM/eKtDwhoDkcX00dHKWRYDX8ZN1AMDcn3cx/CwWI=":{"valueMac":{"type":"Buffer","data":"I0wk+z2Va4Vb3pfumncohwsZPK0Hv9/mTbgTuyOgHQA="}},"AQ3smTAJni+BRSPZtrBgEAjyBiTnZopVH3PR6Igxgws=":{"valueMac":{"type":"Buffer","data":"zU0fYOKBGCKT1mbP6i25V4GFkBm3jBbGqbJ0yYM/Pr8="}},"xYXAgbachKrqjAYy1VMEwz16rrvjxk+ZaCZj7ojSry0=":{"valueMac":{"type":"Buffer","data":"iM+7+cetO4lHQgto9GL3GIJp96QmqUxtVmN4gnfdwtY="}},"Zi6x49u0Xo/LLXaLuqRGp3Ua7B0iHi4u8N1IfceIb0o=":{"valueMac":{"type":"Buffer","data":"JeZuBLWTrxBeKRNxJH8FRHNZ9akmdFwH9xI1aqaqxqg="}},"ynYtaDLq9YyvrGg8dw2SUdFymGhkwe0wQ/x10w1byx4=":{"valueMac":{"type":"Buffer","data":"LnJfrEbT9ZYfhWd9jMUHsqYkLWSB0qNEkCycVb0uHGk="}},"Paj4tjzmOHgm1lzfEjrwc3tuyyar4lRhphJMK0Q9Gsg=":{"valueMac":{"type":"Buffer","data":"hQTqnJ1hvgdvs+O7EzqOMYoUVMU/Jw0V5O2iqmneEu4="}},"ynFOl8Md84zDEnsGSNH/VB2q1sRdb9aasTQ/NhcgYV8=":{"valueMac":{"type":"Buffer","data":"VEee1DRjcVzJ4aiZwFGeyNd7ZCwH8QFR6dOqQB5nX3s="}}}}