{"noiseKey":{"private":{"type":"Buffer","data":"GC/Bqn8nWhmZFhfRj5GV2I33nGeyBY1EmNGB8yYCQHg="},"public":{"type":"Buffer","data":"PrT22lE+ouIxw2lKmhzymgKVaFavUVz9OGnB6t+SO2U="}},"pairingEphemeralKeyPair":{"private":{"type":"Buffer","data":"uHGmdwb7J6L7XoEgMwXx2+325w5x4CxPvnt2ywT6A0U="},"public":{"type":"Buffer","data":"jfgMkF+NCTtJYAw9SgKZIeusJHsWHw8jMTWwFbIAExA="}},"signedIdentityKey":{"private":{"type":"Buffer","data":"OEf7SWbRxRjUiNzT6ihDcDXEd+PxvKze68lOuIw2akQ="},"public":{"type":"Buffer","data":"PrySrJx7XMqWWtou++lb5SfLaCNEb0EKkeIFc1q8ODM="}},"signedPreKey":{"keyPair":{"private":{"type":"Buffer","data":"IPpUMrKc95fxd6wbZut2Z4T4haDUsudEztEnGexeN20="},"public":{"type":"Buffer","data":"64S/UHlNksYXr6yTTOKAVFsRGeDYiNXZrlosRNFu51w="}},"signature":{"type":"Buffer","data":"JSoAMCEb4IhM43gvnEQyHB4CIkxUz9yCzPxX8EhpNERiPhTJGnMJx2CeZCVuz59vHFgtxjZnBN4m8Ijcn7TdiQ=="},"keyId":1},"registrationId":224,"advSecretKey":"PEuRiofkd6hbCF/YjMxOIXaatdEP+KWiFxq3NF31v2s=","processedHistoryMessages":[{"key":{"remoteJid":"6283120271790@s.whatsapp.net","fromMe":true,"id":"A53A5DC75B1D6C508BD789B489D68FB5"},"messageTimestamp":1761736767},{"key":{"remoteJid":"6283120271790@s.whatsapp.net","fromMe":true,"id":"A5411DC6A8032E0E9CD26E06D3E37FE3"},"messageTimestamp":1761736768},{"key":{"remoteJid":"6283120271790@s.whatsapp.net","fromMe":true,"id":"A594A6F097386CFCDCFC62D026BE3453"},"messageTimestamp":1761738056},{"key":{"remoteJid":"6283120271790@s.whatsapp.net","fromMe":true,"id":"A57AF45803EF0E6E9B0B022851C67A72"},"messageTimestamp":1761738146},{"key":{"remoteJid":"6283120271790@s.whatsapp.net","fromMe":true,"id":"A52FDC8E63FB24E35C6E39E75DCA671E"},"messageTimestamp":1761738173}],"nextPreKeyId":31,"firstUnuploadedPreKeyId":31,"accountSyncCounter":1,"accountSettings":{"unarchiveChats":false},"registered":true,"pairingCode":"YUPRADEV","me":{"id":"6283120271790:75@s.whatsapp.net","name":"xvct offc","lid":"46213864906908:75@lid"},"account":{"details":"CMv3oK8DELPwh8gGGAEgACgA","accountSignatureKey":"oSdKCr89x/SKVlWo2LxMWZDax/dUMq7z0JjsnbkgZ2w=","accountSignature":"XNeF2uHS/0/5hHVfn0hvW9L/kBoej9Hn3AGErP1e6lwu+XKyM72tDAsA0QrXBfPxVexhKityiOVU9D2rafuFCQ==","deviceSignature":"c8uPlrW/H2NJcgCN4EJGmJeX8sn/khFvFCXUYyykwvkywKLiTJcI5HOOn4K11emsh03ZuVUhwGcCUXPSYlGzgA=="},"signalIdentities":[{"identifier":{"name":"6283120271790:75@s.whatsapp.net","deviceId":0},"identifierKey":{"type":"Buffer","data":"BaEnSgq/Pcf0ilZVqNi8TFmQ2sf3VDKu89CY7J25IGds"}}],"platform":"smba","routingInfo":{"type":"Buffer","data":"CAgIAg=="},"lastAccountSyncTimestamp":1761736764,"lastPropHash":"3R9Z39","myAppStateKeyId":"AAAAAMlq"}