{"_sessions":{"BQTXeyArVk7MWo5Ku7bYKanTwwVHDGWAfez7Y/5a6w4T":{"registrationId":1148396566,"currentRatchet":{"ephemeralKeyPair":{"pubKey":"BZkcALFcguRKsIqE5w9SxWS5hvSjUKsqf/ZggynJKIg1","privKey":"MIiPAmXWB+PywV1ufehX7BD+hLSGCZGb+KTMGQQdTGg="},"lastRemoteEphemeralKey":"Bb+E4D0m6KnYbsphQO3ieEsegKKRI6nfQJcf94iWIXpg","previousCounter":0,"rootKey":"wJtr9q1kaIhLQ/jj6wmzT3vbCI2ONVP8GJnDIvH3UA8="},"indexInfo":{"baseKey":"BQTXeyArVk7MWo5Ku7bYKanTwwVHDGWAfez7Y/5a6w4T","baseKeyType":2,"closed":-1,"used":1761737824056,"created":1761737824056,"remoteIdentityKey":"BelQ/bC3wveBwLx2hB1yWOIf2GtYkd6FyYyUVLeqALJx"},"_chains":{"Bb+E4D0m6KnYbsphQO3ieEsegKKRI6nfQJcf94iWIXpg":{"chainKey":{"counter":0,"key":"xBslwH6qAaZ1pJt9MJn3IuE4rg59d4I+zz5IhUHFD7w="},"chainType":2,"messageKeys":{}},"BZkcALFcguRKsIqE5w9SxWS5hvSjUKsqf/ZggynJKIg1":{"chainKey":{"counter":-1,"key":"vQgtMH8Y44mjSE+2mUMSob3gRNHLaWWggRmQ2PyMKrU="},"chainType":1,"messageKeys":{}}}}},"version":"v1"}