{"_sessions":{"BUz59ur7gzSc/SQce2fNTsJoNZ2mJmc4Xj2W6jXbljd+":{"registrationId":1381351562,"currentRatchet":{"ephemeralKeyPair":{"pubKey":"BVcPYd7fIqggJ8/OjWjUaXQvkFMUPX0VLkRQIDfMulQv","privKey":"WBYTO8HQ0Df0fIhMDyRHWzKfGLBL+skQztgs7ZkLKk8="},"lastRemoteEphemeralKey":"BUdMoV2h5zW35mo52xmb3NRR1AHMxRhk03AIfJPOWQNT","previousCounter":0,"rootKey":"8cpJADstgRq9ky75QVnWi9RFPHym0wiobW1rXt9tWbE="},"indexInfo":{"baseKey":"BUz59ur7gzSc/SQce2fNTsJoNZ2mJmc4Xj2W6jXbljd+","baseKeyType":2,"closed":-1,"used":1761737436963,"created":1761737436963,"remoteIdentityKey":"BRg4qz9lGgf2GO/yOEV5AFpzax6abhujLTkVUubKjrlK"},"_chains":{"BUdMoV2h5zW35mo52xmb3NRR1AHMxRhk03AIfJPOWQNT":{"chainKey":{"counter":0,"key":"oUM2ZPFTAI7QM7Yw5pgac06Fbzu/q7Xv8hjx6rMtfmc="},"chainType":2,"messageKeys":{}},"BVcPYd7fIqggJ8/OjWjUaXQvkFMUPX0VLkRQIDfMulQv":{"chainKey":{"counter":-1,"key":"Wz/nt7DZhXBC7ApqVDF1SPIfigXQBTWnOnUdIezEYPE="},"chainType":1,"messageKeys":{}}}}},"version":"v1"}