{"_sessions":{"BZ6h6/PJ+ue/SpkICwJR0oWhNiBxVlP9Ox7Clbdd3Apa":{"registrationId":19,"currentRatchet":{"ephemeralKeyPair":{"pubKey":"BbD1y8YEM356BiDmIzLcC+QeIYHlBJfipEjvf2inV/ty","privKey":"+ME1PS9KOxpK/pB8OSabDiuIm+XZy3DKJN6QCww/B1M="},"lastRemoteEphemeralKey":"BXUUPgIDwGbQ9eDrNS9dcNlmzcSfJtPUm4pfMWbnOnxt","previousCounter":0,"rootKey":"GI70MsxTkdC3T815DK7ZUJqe92wx0W3ovTASjrKlFQc="},"indexInfo":{"baseKey":"BZ6h6/PJ+ue/SpkICwJR0oWhNiBxVlP9Ox7Clbdd3Apa","baseKeyType":2,"closed":-1,"used":1761737571755,"created":1761737571755,"remoteIdentityKey":"BYBdmIAddQyaXPDJUqRejvgdssXNYlYLSK/2kz7lzQE2"},"_chains":{"BXUUPgIDwGbQ9eDrNS9dcNlmzcSfJtPUm4pfMWbnOnxt":{"chainKey":{"counter":2,"key":"pSXQnHsF1OFrG89xvIEvE9c0eSCQrlGF8sen5dDgJ8E="},"chainType":2,"messageKeys":{}},"BbD1y8YEM356BiDmIzLcC+QeIYHlBJfipEjvf2inV/ty":{"chainKey":{"counter":-1,"key":"gjL4d5ADVhmt/ntzC42x68eYbxxoTBtEAUki+xH1mMI="},"chainType":1,"messageKeys":{}}}}},"version":"v1"}