{"_sessions":{"BUKXBYhY9/Hm1TbVY6/IoY/eu5m76mIAqhmqysKc7wAK":{"registrationId":342161455,"currentRatchet":{"ephemeralKeyPair":{"pubKey":"BbTAlZ41iWzs/Mf7cyQ51GZyQxUvZi5HTI2CXIn5iuVv","privKey":"OIZABL6VNxsfqTLC3OCqZ1ldJL/Z8k/ygvdnbbOLF2w="},"lastRemoteEphemeralKey":"BS2+s4Mv+wytsamBPvwIHIX+ZY8r5eKJ8d/YvDXaX4Fz","previousCounter":0,"rootKey":"ez2yvYGPZM4Z+CRwQL8HyVrpQuqyfHEz1O8pTqIITng="},"indexInfo":{"baseKey":"BUKXBYhY9/Hm1TbVY6/IoY/eu5m76mIAqhmqysKc7wAK","baseKeyType":2,"closed":-1,"used":1761737747877,"created":1761737747877,"remoteIdentityKey":"BauhXJ6BpGFD8ibzYZAOeJ4L7td4HQRHGn9fdg6vmiA9"},"_chains":{"BS2+s4Mv+wytsamBPvwIHIX+ZY8r5eKJ8d/YvDXaX4Fz":{"chainKey":{"counter":0,"key":"SMulf1ksoDW6xB7NGDW3qJozj3W72xYeJvzQwY58J68="},"chainType":2,"messageKeys":{}},"BbTAlZ41iWzs/Mf7cyQ51GZyQxUvZi5HTI2CXIn5iuVv":{"chainKey":{"counter":-1,"key":"0XGHeTCDkRkZJ+OLmJ+F/skqTw5NnON15yuNcOJPNn0="},"chainType":1,"messageKeys":{}}}}},"version":"v1"}