{"_sessions":{"BcgWI2qAxXEJ80uHLgyEf3f3XKXnKfdxZ+MIjNA9TiVK":{"registrationId":220156251,"currentRatchet":{"ephemeralKeyPair":{"pubKey":"BSxx+NLaXnZOLZ+sbL90j5hFPDLJf1Ovc1Ifzgr07vBA","privKey":"iHv5E9XLX00T8APnS22Y970c9QKOOxdW715ef7R8B0E="},"lastRemoteEphemeralKey":"BSdXrCPGdt7TUzyz5OaQNZ+Xu12QZoGkcE7DPF63wswd","previousCounter":0,"rootKey":"n9AIgJ0h8mFx2FzrlWH4rE9Zk3GiQvLTgsr3IBR5HPk="},"indexInfo":{"baseKey":"BcgWI2qAxXEJ80uHLgyEf3f3XKXnKfdxZ+MIjNA9TiVK","baseKeyType":2,"closed":-1,"used":1761737419562,"created":1761737419562,"remoteIdentityKey":"BddOgGyDowZ7awsP7Q10Fab3OjW0fYrGbnBB2CgB44gr"},"_chains":{"BSdXrCPGdt7TUzyz5OaQNZ+Xu12QZoGkcE7DPF63wswd":{"chainKey":{"counter":0,"key":"SvXzBEpK7D9J428GbGV3FsyLO4wJPIqjF8MjDjwGolc="},"chainType":2,"messageKeys":{}},"BSxx+NLaXnZOLZ+sbL90j5hFPDLJf1Ovc1Ifzgr07vBA":{"chainKey":{"counter":-1,"key":"nJBmpo30xRhiHEJn6CfXu9nQfQ9Ig+KichLGn3trqnI="},"chainType":1,"messageKeys":{}}}}},"version":"v1"}