{"_sessions":{"BfCSDLJqdaZo85RTaMSsSbSB1uF7vdQ3+IGH1z7tss5t":{"registrationId":1447126940,"currentRatchet":{"ephemeralKeyPair":{"pubKey":"Bf3CmrT7J3oRqzv7HbZh0Pomsch5IX3lLZisnioZN7dD","privKey":"KDDntMry7JqanYptBetgsMbAtA6eq5Jgpl2JL8qXu3w="},"lastRemoteEphemeralKey":"Beov3/Wgk8zxjRD3Lynt7FQ5AdUMAK28CKwYBtCe/xQ1","previousCounter":0,"rootKey":"M50SzFDK0CT9T3jxt5eByk8yXpK9yN6u11OlZGDqEGI="},"indexInfo":{"baseKey":"BfCSDLJqdaZo85RTaMSsSbSB1uF7vdQ3+IGH1z7tss5t","baseKeyType":2,"closed":-1,"used":1761737351621,"created":1761737351621,"remoteIdentityKey":"BVBOGvAbPHFP+Uc7+Xi+QN/9h35XEpWbvy7OSbSJEchX"},"_chains":{"Beov3/Wgk8zxjRD3Lynt7FQ5AdUMAK28CKwYBtCe/xQ1":{"chainKey":{"counter":0,"key":"lRNvO8apDwJWK3cLr+5X3G/FlleAlEO2OHJiP/uXGTA="},"chainType":2,"messageKeys":{}},"Bf3CmrT7J3oRqzv7HbZh0Pomsch5IX3lLZisnioZN7dD":{"chainKey":{"counter":-1,"key":"WtduQeZ265TveOc5EWaO/YhCjN2Af5/304jyF2n/1ig="},"chainType":1,"messageKeys":{}}}}},"version":"v1"}