{"_sessions":{"BadMVR8wKm/xBikMFJ0IAH1AkJi85IkZhZoIzeeiB0UU":{"registrationId":725494267,"currentRatchet":{"ephemeralKeyPair":{"pubKey":"BdKYzuWz/HPrWyMB1TaKI7hjcugTpRGpnO1ndQ5Xze4o","privKey":"ePX7FJoyVRyV2Kzk5/fzAjeYebkvAKozPd+wd0N8XEQ="},"lastRemoteEphemeralKey":"BaJHA5NaCZxnktJhO0bAJQoH8BiOP3n1uvLRBXYjRN0x","previousCounter":0,"rootKey":"KR2bnnYedpz75N7z5D1IAHQivc7pU6Nz2xAQDCnmZ90="},"indexInfo":{"baseKey":"BadMVR8wKm/xBikMFJ0IAH1AkJi85IkZhZoIzeeiB0UU","baseKeyType":2,"closed":-1,"used":1761738239636,"created":1761738239636,"remoteIdentityKey":"BbaokqwLp4B6WYgUgp1ElK6L/Qdi1vUxOGQw3ZrZ7dZb"},"_chains":{"BaJHA5NaCZxnktJhO0bAJQoH8BiOP3n1uvLRBXYjRN0x":{"chainKey":{"counter":0,"key":"dd9sdZZnRU7t8r+fHKDSnSxZMDx6WZrovhHsD1uNEak="},"chainType":2,"messageKeys":{}},"BdKYzuWz/HPrWyMB1TaKI7hjcugTpRGpnO1ndQ5Xze4o":{"chainKey":{"counter":-1,"key":"BojFPiAuSFuGbvkNAzZ38HBVgAV6GASUeavVmWKaSQ4="},"chainType":1,"messageKeys":{}}}}},"version":"v1"}