{"_sessions":{"Ba7mvrP8E/b8jOJ0wEjhu0ebuizFoRs+6Ymcfdh0+FJ9":{"registrationId":724656077,"currentRatchet":{"ephemeralKeyPair":{"pubKey":"Beg30gXRO7urxOVCoj8c4bTxjDPYHaQVEGQVRaIA8nka","privKey":"aL2yeQOm6jDPDBzvCwwawFxkSPpfPZR6TP35L0ka8EU="},"lastRemoteEphemeralKey":"BR7b6mVK0SxsYF5f1UbacGIUmMtp5W7ylp5l+9SqC18D","previousCounter":0,"rootKey":"IQ5HCzYVLOyWi/N+vZx3YwKNel02XPz1IRE0eiewNcI="},"indexInfo":{"baseKey":"Ba7mvrP8E/b8jOJ0wEjhu0ebuizFoRs+6Ymcfdh0+FJ9","baseKeyType":2,"closed":-1,"used":1761737696303,"created":1761737696303,"remoteIdentityKey":"BeTTG2kyLJRdpSZdSuOasp/xWcihxA+GyxBGYARYizAf"},"_chains":{"BR7b6mVK0SxsYF5f1UbacGIUmMtp5W7ylp5l+9SqC18D":{"chainKey":{"counter":0,"key":"i/9mHVRoLxRfpqPblJu5GlA5+r2pimCpI7glm7E/FB0="},"chainType":2,"messageKeys":{}},"Beg30gXRO7urxOVCoj8c4bTxjDPYHaQVEGQVRaIA8nka":{"chainKey":{"counter":-1,"key":"Ldt1czv7iCjdVUOy3GyJPSwai3Q/gR1z5e8MKM/nyek="},"chainType":1,"messageKeys":{}}}}},"version":"v1"}