{"_sessions":{"BSWD0Hv4Ik+5GClu2tDSOsHKoT04E7DIxOXH+54NfRl4":{"registrationId":559072326,"currentRatchet":{"ephemeralKeyPair":{"pubKey":"Bc6q+lIjggl1u4A1MncB0poius1tVHyJZpQ8o0Iy1owo","privKey":"mF2xWqpzYHL3hIPzcozK7zlkf9sK7gZ7zCTM03aXNHw="},"lastRemoteEphemeralKey":"BXSzva3gaLYM+6m4SSsiQtCcb9eAM+2sX/O+pgbuH0xQ","previousCounter":0,"rootKey":"QjsFVEI3+ESM5uQWGYl1XEXlkG4lVl7z8qr2/sFvO+8="},"indexInfo":{"baseKey":"BSWD0Hv4Ik+5GClu2tDSOsHKoT04E7DIxOXH+54NfRl4","baseKeyType":2,"closed":-1,"used":1761738173923,"created":1761736765755,"remoteIdentityKey":"BaEnSgq/Pcf0ilZVqNi8TFmQ2sf3VDKu89CY7J25IGds"},"_chains":{"BYwyYl/8AjH3V2v7d22T9tx2tGP/iY7/TFUkDiGA0JId":{"chainKey":{"counter":3},"chainType":2,"messageKeys":{}},"BRNwnTFs8u8aBXguBukjS6N34RxQarHZb35+7Kw/mtsh":{"chainKey":{"counter":3},"chainType":2,"messageKeys":{}},"BXeQxQ8JzKKjTplqGb6ekPbiBc77uMzhWN91ANnWEPs+":{"chainKey":{"counter":0},"chainType":2,"messageKeys":{}},"BQpA35WI6r+A12HqJYO1h9Gk+476LbDacM+Mx1Am2uw6":{"chainKey":{"counter":0},"chainType":2,"messageKeys":{}},"BXSzva3gaLYM+6m4SSsiQtCcb9eAM+2sX/O+pgbuH0xQ":{"chainKey":{"counter":3,"key":"5OKL4pX9HLEQbukKzFIVRp9I4H7O+2BE6T8osOwuCOo="},"chainType":2,"messageKeys":{}},"Bc6q+lIjggl1u4A1MncB0poius1tVHyJZpQ8o0Iy1owo":{"chainKey":{"counter":-1,"key":"cmoEq6jH+SEYrLMZbZ+x7vqNRlHXYwIIgkCKbDQCmvw="},"chainType":1,"messageKeys":{}}}}},"version":"v1"}