{"_sessions":{"BcCHJ3NaqKLHH+VILRb7H/+2Skg0qyZWxzrWRRgiLy8k":{"registrationId":1521851352,"currentRatchet":{"ephemeralKeyPair":{"pubKey":"Bboxw/t/6zlckej7rtXG1TgsEm/5k/y8L3rJRYIAycYc","privKey":"YJnwL1NwBJjTKYzalUtYMdqUK8g2v3qDMern5F//AGA="},"lastRemoteEphemeralKey":"BRMkLI6djkstV/Q3AFMrXsAk16eST3C7I/4r0gB9GQxE","previousCounter":0,"rootKey":"uEeRoAVqtQM2t4OISTWwesvbfXNxMxdp9zBYKRqNdXU="},"indexInfo":{"baseKey":"BcCHJ3NaqKLHH+VILRb7H/+2Skg0qyZWxzrWRRgiLy8k","baseKeyType":2,"closed":-1,"used":1761738155513,"created":1761738155513,"remoteIdentityKey":"BXdYqoqZk09ydMlS3gzDrSzjc6KxbbgE4pazECJdVjNA"},"_chains":{"BRMkLI6djkstV/Q3AFMrXsAk16eST3C7I/4r0gB9GQxE":{"chainKey":{"counter":0,"key":"NoGLCAkZF2s4W6bd0FNlsNYN2z2jhGyd7l6TvM++E+k="},"chainType":2,"messageKeys":{}},"Bboxw/t/6zlckej7rtXG1TgsEm/5k/y8L3rJRYIAycYc":{"chainKey":{"counter":-1,"key":"hZ8BlLRq1mjT5I+mF08+1vH7MmJT+CVnTDaFyCu/v5I="},"chainType":1,"messageKeys":{}}}}},"version":"v1"}