{"_sessions":{"BZU1btQ3dihGLZ54GyHGbLf6SUq18azdNwE70EdDJ7gV":{"registrationId":1116536687,"currentRatchet":{"ephemeralKeyPair":{"pubKey":"BSOt1s4kbndaWH7Da6XTUbMMfa/fgVGS3Gpe0lc3CNYm","privKey":"OImt7lYRcenzgj95HvXbd7TxyLrbYCRAPI6haUxVxV8="},"lastRemoteEphemeralKey":"BQ76TzNbkx/PUNf8w8tdfNz3npLFbZb+H/gOmf5geyk3","previousCounter":0,"rootKey":"/9cyOdPf3yQqh6wHAg00NjfhX/hU/uyOAQPacFH+1cs="},"indexInfo":{"baseKey":"BZU1btQ3dihGLZ54GyHGbLf6SUq18azdNwE70EdDJ7gV","baseKeyType":2,"closed":-1,"used":1761738263620,"created":1761738263620,"remoteIdentityKey":"BT6Gc+NrJ4zNY0iJln4647J4G855UVmw8XPb8UYKpf8M"},"_chains":{"BQ76TzNbkx/PUNf8w8tdfNz3npLFbZb+H/gOmf5geyk3":{"chainKey":{"counter":0,"key":"wLB0hLab8bRdc3TLjT4X33q+m+ESeqIYjbrzJpJIQ04="},"chainType":2,"messageKeys":{}},"BSOt1s4kbndaWH7Da6XTUbMMfa/fgVGS3Gpe0lc3CNYm":{"chainKey":{"counter":-1,"key":"NSZBIhDIbEtxoFgbNPysR+d/89wFLobylaaBVb/LKAQ="},"chainType":1,"messageKeys":{}}}}},"version":"v1"}